<?xml version="1.0" encoding="UTF-8"?>
<root>
  <item name="com.akexorcist.roundcornerprogressbar.TextRoundCornerProgressBar int getTextInsideGravity()">
    <annotation name="androidx.annotation.IntDef">
      <val name="value" val="{com.akexorcist.roundcornerprogressbar.TextRoundCornerProgressBar.GRAVITY_START, com.akexorcist.roundcornerprogressbar.TextRoundCornerProgressBar.GRAVITY_END}" />
    </annotation>
  </item>
  <item name="com.akexorcist.roundcornerprogressbar.TextRoundCornerProgressBar int getTextOutsideGravity()">
    <annotation name="androidx.annotation.IntDef">
      <val name="value" val="{com.akexorcist.roundcornerprogressbar.TextRoundCornerProgressBar.GRAVITY_START, com.akexorcist.roundcornerprogressbar.TextRoundCornerProgressBar.GRAVITY_END}" />
    </annotation>
  </item>
  <item name="com.akexorcist.roundcornerprogressbar.TextRoundCornerProgressBar int getTextPositionPriority()">
    <annotation name="androidx.annotation.IntDef">
      <val name="value" val="{com.akexorcist.roundcornerprogressbar.TextRoundCornerProgressBar.PRIORITY_INSIDE, com.akexorcist.roundcornerprogressbar.TextRoundCornerProgressBar.PRIORITY_OUTSIDE}" />
    </annotation>
  </item>
  <item name="com.akexorcist.roundcornerprogressbar.TextRoundCornerProgressBar void setTextInsideGravity(int) 0">
    <annotation name="androidx.annotation.IntDef">
      <val name="value" val="{com.akexorcist.roundcornerprogressbar.TextRoundCornerProgressBar.GRAVITY_START, com.akexorcist.roundcornerprogressbar.TextRoundCornerProgressBar.GRAVITY_END}" />
    </annotation>
  </item>
  <item name="com.akexorcist.roundcornerprogressbar.TextRoundCornerProgressBar void setTextOutsideGravity(int) 0">
    <annotation name="androidx.annotation.IntDef">
      <val name="value" val="{com.akexorcist.roundcornerprogressbar.TextRoundCornerProgressBar.GRAVITY_START, com.akexorcist.roundcornerprogressbar.TextRoundCornerProgressBar.GRAVITY_END}" />
    </annotation>
  </item>
  <item name="com.akexorcist.roundcornerprogressbar.TextRoundCornerProgressBar void setTextPositionPriority(int) 0">
    <annotation name="androidx.annotation.IntDef">
      <val name="value" val="{com.akexorcist.roundcornerprogressbar.TextRoundCornerProgressBar.PRIORITY_INSIDE, com.akexorcist.roundcornerprogressbar.TextRoundCornerProgressBar.PRIORITY_OUTSIDE}" />
    </annotation>
  </item>
  <item name="com.akexorcist.roundcornerprogressbar.TextRoundCornerProgressBar.TEXT_POSITION_PRIORITY">
    <annotation name="androidx.annotation.IntDef">
      <val name="value" val="{com.akexorcist.roundcornerprogressbar.TextRoundCornerProgressBar.PRIORITY_INSIDE, com.akexorcist.roundcornerprogressbar.TextRoundCornerProgressBar.PRIORITY_OUTSIDE}" />
    </annotation>
  </item>
  <item name="com.akexorcist.roundcornerprogressbar.TextRoundCornerProgressBar.TEXT_PROGRESS_GRAVITY">
    <annotation name="androidx.annotation.IntDef">
      <val name="value" val="{com.akexorcist.roundcornerprogressbar.TextRoundCornerProgressBar.GRAVITY_START, com.akexorcist.roundcornerprogressbar.TextRoundCornerProgressBar.GRAVITY_END}" />
    </annotation>
  </item>
</root>

